template_id,template_path,engine,report_family,menu_or_form,query_or_routine,parameters,formula_or_variant,output_formats,delivery,copies,retention,canonical_sample,status,owner
T001,SMARTwinFA/REPORT/INVOICE_PURCHASE_PVT_GST.rpt,Crystal Reports,Purchase invoice,Report viewer,Report_Combine and database metadata,unknown,private GST variant,printer/PDF/possibly email,Crystal viewer flags,unknown,Export directory behavior,Protected sample not present,Template present mapping pending,Reporting owner
T002,SMARTwinFA/REPORT/Invoice_print_rpi_PVT_GST.rpt,Crystal Reports,Invoice print,Report viewer,Report_Combine and database metadata,unknown,private GST variant,printer/PDF,viewer flags,unknown,Export directory behavior,Protected sample not present,Template present mapping pending,Reporting owner
T003,SMARTwinFA/REPORT/Invoice_print_rpi_new_GST.rpt,Crystal Reports,Invoice print,Report viewer,Report_Combine and database metadata,unknown,new GST variant,printer/PDF,viewer flags,unknown,Export directory behavior,Protected sample not present,Template present mapping pending,Reporting owner
T004,SMARTwinFA/REPORT/Invoice_plain_RPI_NEW_GST.rpt,Crystal Reports,Plain invoice,Report viewer,Report_Combine and database metadata,unknown,new GST variant,printer/PDF,viewer flags,unknown,Export directory behavior,Protected sample not present,Template present mapping pending,Reporting owner
T005,SMARTwinFA/REPORT/Invoice_plain_GST.rpt,Crystal Reports,Plain invoice,Report viewer,Report_Combine and database metadata,unknown,GST variant,printer/PDF,viewer flags,unknown,Export directory behavior,Protected sample not present,Template present mapping pending,Reporting owner
T006,SMARTwinFA/REPORT/Challan_plain_GST.rpt,Crystal Reports,Challan,Report viewer,Report_Combine and database metadata,unknown,GST variant,printer/PDF,viewer flags,unknown,Export directory behavior,Protected sample not present,Template present mapping pending,Reporting owner
T007,SMARTwinFA/REPORT/CGST_PLAIN_NEW_GST.rpt,Crystal Reports,CGST plain,Report viewer,Report_Combine and database metadata,unknown,new GST variant,printer/PDF,viewer flags,unknown,Export directory behavior,Protected sample not present,Template present mapping pending,Reporting owner
T008,SMARTwinFA/REPORT/All_Debtors_Os.rpt,Crystal Reports,Debtors outstanding,Report viewer,Report_Combine and database metadata,unknown,unknown,printer/PDF/Excel,viewer flags,unknown,Export directory behavior,Protected sample not present,Template present mapping pending,Reporting owner
T009,SMARTwinFA/REPORT/All_Debtors_Ledger.rpt,Crystal Reports,Debtors ledger,Report viewer,Report_Combine and database metadata,unknown,unknown,printer/PDF/Excel,viewer flags,unknown,Export directory behavior,Protected sample not present,Template present mapping pending,Reporting owner
